,city,state
16,Abingdon ,MD
228,Altenburg ,MO
286,Amityville ,NY
1041,Berkeley Heights ,NJ
1045,Berkley ,MI
1149,Binghamton ,NY
1170,Black Canyon City ,AZ
1196,Blain ,PA
1201,Blairsville ,PA
1221,Bloomfield ,NJ
1381,Bozrah ,CT
1471,Bridge Port ,IA
1597,Brookville ,IN
1621,Bruceton Mills ,WV
1632,Brutus ,MI
1635,Bryant ,AR
1685,Buffalo Grove ,IL
1687,Buford ,GA
1704,Bunnlevel ,NC
1717,Burke ,SD
1729,Burlington ,KY
1797,Cabot ,PA
1816,Caldwell ,ID
1839,Callery ,PA
1846,Calypso ,NC
1848,Camano Island ,WA
1850,Camarillo ,CA
1879,Camillus ,NY
1904,Canastota ,NY
1979,Carlstadt ,NJ
2003,Carroll ,OH
2027,Carversville ,PA
5927,Holly ,MI
6822,Lake Forest ,IL
6845,Lake Norden ,SD
6912,Landenberg ,PA
7555,Macomb Township ,MI
7563,Madera ,PA
7575,Madison ,PA
7577,Madison ,TN
7607,Maidens ,VA
7608,Maidsville ,WV
7615,Malaga ,NJ
7620,Malden Bridge ,NY
7624,Mallory ,NY
7625,Malmstrom A F B ,MT
7626,Malone ,WI
7637,Manakin Sabot ,VA
7646,Manchester ,MA
7652,Manchester ,PA
7655,Manchester Township ,NJ
7661,Manheim ,PA
7666,Manitou Beach ,MI
7674,Manning ,OR
7676,Manomet ,MA
7677,Manor ,PA
7681,Manquin ,VA
7690,Mansfield Center ,CT
7691,Mansfield Depot ,CT
7704,Manville ,RI
7709,Maple Hill ,NC
7721,Mapleton Depot ,PA
7722,Mapleville ,RI
7724,Maplewood ,OH
7731,Marble ,PA
7733,Marble Hill ,GA
7738,Marbury ,MD
7750,Margarettsville ,NC
7752,Maria Stein ,OH
7753,Mariah Hill ,IN
7759,Marietta ,NY
7761,Marietta ,SC
7768,Marine on Saint Croix ,MN
7770,Marion ,CT
7791,Mark Center ,IN
7794,Markham ,VA
7796,Markleton ,PA
7809,Marmora ,NJ
7810,Marne ,MI
7814,Marriottsville ,MD
7824,Marshall ,WI
7836,Marstons Mills ,MA
7838,Martel ,OH
7839,Martell ,NE
7844,Martin ,OH
7860,Marydel ,DE
7878,Maspeth ,NY
7879,Massapequa ,NY
7889,Matheson ,CO
7890,Mathews ,AL
7892,Mattapan ,MA
7906,Maurepas ,LA
7908,Mauricetown ,NJ
7916,Maxwelton ,WV
7922,Mayfield ,MI
7925,Maylene ,AL
7932,Mayport ,PA
7933,Mays ,IN
7935,Mayslick ,KY
7950,Mc Adenville ,NC
7951,Mc Afee ,NJ
7952,Mc Alisterville ,PA
7953,Mc Arthur ,OH
7954,Mc Bain ,MI
7955,Mc Calla ,AL
7956,Mc Callsburg ,IA
7957,Mc Caskill ,AR
7958,Mc Causland ,IA
7959,Mc Clelland ,IA
7960,Mc Clellandtown ,PA
7961,Mc Clure ,OH
7962,Mc Clure ,PA
7963,Mc Comb ,OH
7964,Mc Connellsburg ,PA
7965,Mc Connellstown ,PA
7966,Mc Cook ,NE
7967,Mc Cool Junction ,NE
7968,Mc Cordsville ,IN
7969,Mc Cormick ,SC
7970,Mc Cutchenville ,OH
7971,Mc David ,FL
7972,Mc Dermott ,OH
7973,Mc Donald ,OH
7974,Mc Donald ,PA
7975,Mc Donald ,TN
7976,Mc Elhattan ,PA
7977,Mc Ewensville ,PA
7978,Mc Farland ,WI
7979,Mc Gaheysville ,VA
7980,Mc Gee ,MO
7981,Mc Grann ,PA
7982,Mc Graw ,NY
7983,Mc Gregor ,IA
7984,Mc Gregor ,TX
7985,Mc Guffey ,OH
7986,Mc Henry ,MD
7987,Mc Kean ,PA
7988,Mc Kees Rocks ,PA
7989,Mc Kenzie ,TN
7990,Mc Knightstown ,PA
7991,Mc Lean ,IL
7992,Mc Lean ,VA
7993,Mc Leansville ,NC
7994,Mc Leod ,MT
7995,Mc Nabb ,IL
7996,Mc Queeney ,TX
7997,Mc Sherrystown ,PA
7998,Mc Veytown ,PA
8003,McCutcheon Field ,NC
8016,Meadow Lands ,PA
8017,Meadowview ,VA
8019,Meally ,KY
8021,Mears ,MI
8050,Medinah ,IL
8054,Medway ,OH
8062,Melcroft ,PA
8065,Melrose ,FL
8067,Melrose ,NY
8077,Memphis ,NY
8083,Mendenhall ,PA
8102,Mercer ,TN
8114,Merion Station ,PA
8117,Merna ,IL
8128,Merritt ,NC
8130,Merrittstown ,PA
8135,Mesilla Park ,NM
8143,Methuen ,MA
8161,Mickleton ,NJ
8162,Mico ,TX
8164,Middle Grove ,NY
8165,Middle Haddam ,CT
8168,Middle Village ,NY
8169,Middleboro ,MA
8171,Middlebranch ,OH
8180,Middlebury Center ,PA
8202,Middleville ,NJ
8204,Midland ,GA
8216,Midlothian ,VA
8225,Midway Park ,NC
8226,Mifflin ,PA
8236,Mildred ,PA
8239,Milesville ,SD
8250,Milford ,VA
8253,Mill Creek ,IN
8254,Mill Creek ,PA
8257,Mill Run ,PA
8279,Millersville ,MD
8280,Millersville ,MO
8284,Milligan College ,TN
8288,Millington ,NJ
8292,Millmont ,PA
8299,Millstone Township ,NJ
8300,Milltown ,MT
8307,Millville ,WV
8308,Millwood ,WV
8309,Millwood ,NY
8310,Milmay ,NJ
8342,Mineral Point ,PA
8346,Mineral Springs ,PA
8348,Mineral Wells ,WV
8365,Minot ,MA
8367,Minotola ,NJ
8370,Mira Loma ,CA
8376,Mission Hill ,SD
8385,Mitchells ,VA
8387,Mizpah ,NJ
8392,Model City ,NY
8394,Modena ,NY
8401,Mohegan Lake ,NY
8406,Moline ,MI
8412,Monarch ,MT
8419,Moneta ,VA
8421,Monkton ,MD
8429,Monponsett ,MA
8439,Monroe ,VA
8443,Monroe ,OK
8444,Monroe ,SD
8446,Monroe Township ,NJ
8449,Monroeville ,NJ
8459,Mont Clare ,PA
8476,Monterville ,WV
8478,Monteview ,ID
8488,Montgomery ,PA
8505,Montour Falls ,NY
8507,Montpelier ,IA
8512,Montpelier ,VA
8514,Montpelier Station ,VA
8515,Montrose ,AL
8516,Montrose ,CA
8528,Montville ,OH
8534,Moody ,ME
8536,Moon ,VA
8539,Moore ,SC
8553,Mora ,LA
8555,Morann ,PA
8575,Mormon Lake ,AZ
8577,Morning View ,KY
8590,Morris Chapel ,TN
8592,Morris Run ,PA
8598,Morrisonville ,WI
8611,Morton ,NY
8615,Moscow ,IA
8619,Moscow ,VT
8620,Moseley ,VA
8625,Mossville ,IL
8630,Mound ,TX
8640,Mount Berry ,GA
8641,Mount Bethel ,PA
8643,Mount Braddock ,PA
8666,Mount Joy ,PA
8674,Mount Olive ,AL
8676,Mount Olive ,WV
8678,Mount Perry ,OH
8681,Mount Pleasant ,PA
8689,Mount Royal ,NJ
8693,Mount Solon ,VA
8696,Mount Storm ,WV
8698,Mount Tabor ,NJ
8699,Mount Ulla ,NC
8716,Mount Zion ,WV
8717,Mountain Dale ,NY
8720,Mountain Home ,TN
8732,Mt Zion ,IL
8744,Mullett Lake ,MI
8745,Mullica Hill ,NJ
8748,Mumford ,NY
8752,Muncy Valley ,PA
8756,Munger ,MI
8757,Munith ,MI
8766,Murphy ,OR
8770,Murrayville ,GA
8779,Musella ,GA
8784,Myakka City ,FL
8792,Nancy ,KY
8793,Nanjemoy ,MD
8794,Nankin ,OH
8795,Nanty Glo ,PA
8811,Narvon ,PA
8814,Nashport ,OH
8817,Nashville ,TN
8824,Nassau ,DE
8830,National City ,MI
8832,Natrona Heights ,PA
8836,Navarre ,MN
8839,Naylor ,GA
8846,Needham Heights ,MA
8847,Neelyton ,PA
8849,Neffs ,PA
8860,Nemo ,SD
8870,Nesbit ,MS
8872,Neshanic Station ,NJ
8903,New Bloomfield ,PA
8904,New Boston ,MI
8915,New Caney ,TX
8916,New Canton ,VA
8925,New Century ,KS
8928,New Concord ,KY
8930,New Creek ,WV
8938,New Enterprise ,PA
8942,New Franken ,WI
8952,New Hampton ,NY
8962,New Hill ,NC
8970,New Hudson ,MI
8982,New Lisbon ,NJ
8993,New Manchester ,WV
9003,New Munster ,WI
9011,New Park ,PA
9014,New Point ,VA
9018,New Preston Marble Dale ,CT
9021,New Providence ,PA
9036,New Springfield ,OH
9044,New Vernon ,NJ
9055,New Windsor ,IL
9059,New York Mills ,NY
9060,Newalla ,OK
9065,Newark ,NY
9075,Newburg ,MD
9077,Newburg ,PA
9083,Newbury Park ,CA
9098,Newfoundland ,NJ
9099,Newhall ,CA
9103,Newman Lake ,WA
9111,Newport ,MI
9114,Newport ,NJ
9118,Newport ,VA
9121,Newport Coast ,CA
9132,Newton ,WI
9133,Newton Center ,MA
9137,Newton Highlands ,MA
9138,Newton Lower Falls ,MA
9139,Newton Upper Falls ,MA
9141,Newtonville ,MA
9142,Newtonville ,NJ
9143,Newtonville ,NY
9147,Newtown Square ,PA
9160,Nicktown ,PA
9167,Nine Mile Falls ,WA
9170,Nineveh ,PA
9172,Niota ,IL
9192,Norge ,VA
9193,Norma ,NJ
9194,Normal ,IL
9195,Normalville ,PA
9197,Normandy Beach ,NJ
9204,North ,VA
9208,North Anson ,ME
9211,North Attleboro ,MA
9216,North Bay ,NY
9221,North Benton ,OH
9224,North Billerica ,MA
9230,North Bridgton ,ME
9233,North Canton ,CT
9235,North Carver ,MA
9237,North Chatham ,MA
9238,North Chatham ,NY
9239,North Chelmsford ,MA
9241,North Chili ,NY
9244,North Dartmouth ,MA
9245,North Dighton ,MA
9249,North Easton ,MA
9251,North Evans ,NY
9254,North Ferrisburgh ,VT
9256,North Franklin ,CT
9258,North Garden ,VA
9259,North Grafton ,MA
9261,North Greece ,NY
9262,North Grosvenordale ,CT
9265,North Hatfield ,MA
9269,North Hills ,CA
9270,North Hollywood ,CA
9271,North Jackson ,OH
9275,North Lake ,WI
9281,North Lima ,OH
9284,North Marshfield ,MA
9286,North Monmouth ,ME
9287,North Montpelier ,VT
9291,North Oxford ,MA
9305,North Salem ,NH
9308,North Sandwich ,NH
9309,North Scituate ,RI
9314,North Street ,MI
9315,North Sutton ,NH
9317,North Truro ,MA
9318,North Vassalboro ,ME
9323,North Waterboro ,ME
9325,North Weymouth ,MA
9326,North Windham ,CT
9330,Northampton ,PA
9334,Northeast Harbor ,ME
9336,Northfield ,CT
9341,Northford ,CT
9345,Northridge ,CA
9350,Northville ,NY
9351,Northville ,SD
9376,Nova ,OH
9378,Novelty ,OH
9382,Nunda ,SD
9383,Nunica ,MI
9385,Nursery ,TX
9388,O Brien ,OR
9389,O Fallon ,IL
9408,Oak Ridge ,NJ
9409,Oak Ridge ,PA
9416,Oakdale ,CT
9418,Oakfield ,TN
9420,Oakford ,IN
9428,Oakland ,MI
9430,Oakland ,RI
9435,Oakland Gardens ,NY
9436,Oakland Mills ,PA
9443,Oaks ,PA
9449,Oberlin ,LA
9452,Ocala ,FL
9454,Ocean Bluff ,MA
9460,Ocean Park ,ME
9463,Ocean View ,NJ
9467,Oceanville ,NJ
9469,Ochopee ,FL
9470,Ocklawaha ,FL
9472,Ocoee ,TN
9489,Offutt A F B ,NE
9499,Oglesby ,IL
9508,Oilville ,VA
9511,Okatie ,SC
9512,Okauchee ,WI
9514,Okeana ,OH
9521,Olalla ,WA
9522,Olanta ,PA
9529,Old Chatham ,NY
9530,Old Fort ,TN
9532,Old Hickory ,TN
9536,Old Town ,ME
9538,Old Zionsville ,PA
9539,Oldenburg ,IN
9540,Oldfield ,MO
9543,Oldtown ,MD
9544,Oldwick ,NJ
9548,Olin ,NC
9551,Olivebridge ,NY
9552,Oliveburg ,PA
9565,Ona ,WV
9570,Onego ,WV
9574,Onemo ,VA
9577,Ono ,PA
9584,Ontario Center ,NY
9589,Opa Locka ,FL
9592,Ophiem ,IL
9594,Oran ,IA
9599,Orange ,NJ
9603,Orange Lake ,FL
9614,Orefield ,PA
9619,Oregonia ,OH
9632,Orkney Springs ,VA
9637,Orlando East ,FL
9638,Orlando West ,FL
9648,Orrs Island ,ME
9653,Ortley ,SD
9659,Osage ,WV
9666,Osceola ,PA
9675,Osseo ,MI
9681,Osteen ,FL
9682,Osterburg ,PA
9683,Osterville ,MA
9692,Otis ,LA
9694,Otis Orchards ,WA
9695,Otisco ,IN
9698,Otley ,IA
9706,Ottsville ,PA
9708,Otwell ,IN
9709,Outing ,MN
9710,Ovalo ,TX
9733,Oxford ,FL
9754,Ozawkie ,KS
9755,Ozona ,FL
9759,Pacoima ,CA
9763,Paeonian Springs ,VA
9765,Paint Lick ,KY
9775,Palestine ,WV
9777,Palisades ,NY
9779,Palm ,PA
9789,Palmer ,MA
9800,Palmyra ,PA
9806,Palos Heights ,IL
9809,Palos Verdes Peninsula ,CA
9820,Panorama City ,CA
9837,Paris ,OH
9845,Park Hall ,MD
9854,Parker Ford ,PA
9855,Parkers Lake ,KY
9860,Parkhill ,PA
9863,Parksville ,NY
9864,Parkton ,MD
9866,Parlin ,NJ
9872,Paron ,AR
9875,Parsippany ,NJ
9881,Partlow ,VA
9902,Pattersonville ,NY
9904,Patuxent River ,MD
9906,Paulding ,IN
9907,Pauline ,SC
9912,Paw Paw ,IL
9921,Paxinos ,PA
9926,Payne ,IN
9927,Payneville ,KY
9932,Peace Dale ,RI
9936,Peapack ,NJ
9937,Pearcy ,AR
9944,Peck ,KS
9946,Pecks Mill ,WV
9956,Pekin ,IN
9958,Pelham ,AL
9959,Pelham ,NC
9965,Pell Lake ,WI
9969,Pemaquid ,ME
9982,Pendleton ,NC
9984,Pendleton ,TX
9985,Pendroy ,MT
9988,Penfield ,PA
9991,Penn ,PA
9992,Penn Laird ,VA
9993,Penn Run ,PA
9995,Pennellville ,NY
10001,Penns Park ,PA
10006,Pennsylvania Furnace ,PA
10027,Perkinsville ,NY
10028,Perkiomenville ,PA
10039,Perry Park ,KY
10049,Peru ,IA
10060,Petersburg ,NY
10061,Petersburg ,OH
10075,Peytona ,WV
10076,Pfafftown ,NC
10092,Philpot ,KY
10101,Picabo ,ID
10102,Picatinny Arsenal ,NJ
10103,Picher ,OK
10107,Pickett ,WI
10110,Pickwick Dam ,TN
10137,Pilot ,VA
10147,Pine Brook ,NJ
10150,Pine City ,NY
10151,Pine Grove ,LA
10153,Pine Island ,MN
10154,Pine Island ,NY
10158,Pine Meadow ,CT
10160,Pine Mountain Valley ,GA
10171,Pineland ,SC
10174,Pinetop ,AZ
10178,Pineville ,PA
10179,Piney Flats ,TN
10181,Pingree ,ID
10186,Pinson ,TN
10187,Pinto ,MD
10190,Pipersville ,PA
10191,Pipestone ,MN
10194,Pisgah Forest ,NC
10211,Pittstown ,NJ
10212,Pittsview ,AL
10217,Placitas ,NM
10245,Plantsville ,CT
10257,Pleasant Grove ,CA
10259,Pleasant Hall ,PA
10266,Pleasant Lake ,IN
10267,Pleasant Lake ,MI
10273,Pleasant Valley ,IA
10274,Pleasant Valley ,VA
10282,Pleasantville ,PA
10285,Plover ,WI
10286,Pluckemin ,NJ
10288,Plumsteadville ,PA
10292,Plymouth ,FL
10318,Point Pleasant ,PA
10324,Polk ,PA
10336,Pomfret Center ,CT
10339,Pomona ,NY
10341,Pompeys Pillar ,MT
10343,Pompton Plains ,NJ
10349,Ponte Vedra ,FL
10350,Ponte Vedra Beach ,FL
10356,Poolville ,TX
10357,Pope Army Airfield ,NC
10360,Poquonock ,CT
10367,Port Byron ,NY
10372,Port Crane ,NY
10375,Port Elizabeth ,NJ
10378,Port Haywood ,VA
10381,Port Jefferson ,NY
10383,Port Jefferson Station ,NY
10391,Port o Connor ,TX
10394,Port Penn ,DE
10396,Port Republic ,MD
10398,Port Republic ,VA
10403,Port Saint Lucie ,FL
10405,Port Tobacco ,MD
10412,Portage ,PA
10414,Portageville ,NY
10415,Porter ,TX
10416,Porter Corners ,NY
10417,Porter Ranch ,CA
10443,Pottersville ,NJ
10449,Poughquag ,NY
10452,Pounding Mill ,VA
10456,Powell ,TN
10458,Powell Butte ,OR
10475,Pratts ,VA
10484,Presto ,PA
10492,Pride ,LA
10493,Prides Crossing ,MA
10501,Princeton ,LA
10512,Proctor ,MT
10513,Proctor ,WV
10515,Prole ,IA
10522,Prospect Harbor ,ME
10526,Prosperity ,PA
10530,Providence ,NC
10534,Providence Forge ,VA
10538,Pryor ,OK
10544,Pulaski ,PA
10545,Pullman ,MI
10551,Purchase ,NY
10552,Purdys ,NY
10553,Purgitsville ,WV
10554,Purmela ,TX
10558,Quaker Hill ,CT
10564,Quecreek ,PA
10565,Queen ,PA
10568,Queens Village ,NY
10572,Quicksburg ,VA
10580,Quinton ,AL
10582,Quinton ,VA
10602,Ralston ,PA
10607,Ramsay ,MT
10610,Ramsey ,IN
10617,Rancocas ,NJ
10629,Randolph Center ,VT
10637,Raphine ,VA
10640,Rapidan ,VA
10642,Rappahannock Academy ,VA
10657,Ray ,OH
10666,Raymond ,SD
10670,Raynham Center ,MA
10672,Rayville ,MO
10677,Reading ,MN
10680,Reagan ,TN
10684,Rector ,PA
10687,Red Creek ,NY
10690,Red House ,WV
10703,Redford ,MI
10720,Reelsville ,IN
10735,Remlap ,AL
10738,Remsenburg ,NY
10739,Remus ,MI
10740,Renfrew ,PA
10741,Renner ,SD
10743,Reno ,PA
10752,Rescue ,CA
10753,Rescue ,VA
10754,Reseda ,CA
10757,Reva ,VA
10762,Rex ,GA
10764,Rexford ,NY
10765,Rexmont ,PA
10774,Rhoadesville ,VA
10776,Rhodes ,MI
10781,Rice ,VA
10788,Richeyville ,PA
10793,Richfield ,WI
10794,Richfield Springs ,NY
10798,Richland ,NJ
10799,Richland ,PA
10819,Richville ,MI
10824,Ridge ,MD
10827,Ridgedale ,MO
10844,Ridgewood ,NY
10858,Rineyville ,KY
10861,Ringgold ,VA
10863,Ringoes ,NJ
10879,Rising Fawn ,GA
10892,Riverdale ,MD
10893,Riverdale ,MI
10906,Riverside ,RI
10911,Riverton ,WV
10914,Rives Junction ,MI
10916,Rixeyville ,VA
10917,Rixford ,PA
10925,Roaring Branch ,PA
10936,Robertsdale ,PA
10937,Robertsville ,MO
10943,Robinsonville ,MS
10946,Rochdale ,MA
10948,Rochelle ,VA
10961,Rochester Gates ,NY
10963,Rochester Mills ,PA
10965,Rock City Falls ,NY
10976,Rock Spring ,GA
10979,Rock Tavern ,NY
10983,Rockaway Park ,NY
10985,Rockfall ,CT
10986,Rockfield ,IN
10987,Rockfield ,KY
10994,Rockhill Furnace ,PA
10996,Rockland ,DE
11004,Rockport ,WV
11006,Rockton ,PA
11007,Rockvale ,TN
11010,Rockville ,RI
11011,Rockville ,VA
11019,Rocky Face ,GA
11022,Rocky Mount ,MO
11027,Rocky Ridge ,MD
11031,Rodney ,MI
11056,Rome ,IL
11062,Romney ,IN
11090,Rosedale ,NY
11091,Rosedale ,VA
11098,Rosemont ,NJ
11111,Roslindale ,MA
11123,Rossville ,PA
11128,Rotterdam Junction ,NY
11147,Roxbury ,MA
11148,Roxbury ,PA
11149,Roxbury Crossing ,MA
11152,Royal ,AR
11161,Rozet ,WY
11169,Ruffs Dale ,PA
11170,Rumford ,RI
11176,Rural Ridge ,PA
11179,Rush ,KY
11181,Rushland ,PA
12378,Stoutland ,MO
12424,Sturgis ,MI
12479,Summitville ,IN
12682,Teutopolis ,IL
12851,Tremont City ,OH
12958,Twinsburg ,OH
13107,Vandalia ,OH
13196,Viking ,MN
13202,Villanova ,PA
13209,Vincentown ,NJ
13212,Vinemont ,AL
13221,Virgil ,SD
13226,Vista ,CA
13230,Volin ,SD
13234,Voorheesville ,NY
13236,Waban ,MA
13238,Wabasha ,MN
13239,Waccabuc ,NY
13241,Waco ,KY
13244,Waddell ,AZ
13247,Wadesville ,IN
13250,Wadmalaw Island ,SC
13258,Wagontown ,PA
13264,Waite Park ,MN
13266,Wakarusa ,KS
13267,Wake ,VA
13270,Wakefield ,RI
13271,Wakefield ,NE
13284,Waldron ,MI
13285,Waldron ,MO
13286,Waldwick ,NJ
13289,Wales Center ,NY
13293,Walhonding ,OH
13301,Wall ,SD
13310,Wallingford ,PA
13323,Walnut Shade ,MO
13328,Walstonburg ,NC
13342,Wanamingo ,MN
13348,Wapello ,IA
13355,Warfordsburg ,PA
13356,Waring ,TX
13358,Warm Springs ,MT
13359,Warminster ,PA
13361,Warner ,SD
13363,Warners ,NY
13373,Warrendale ,PA
13381,Warrington ,PA
13386,Warsaw ,MN
13393,Warwick ,RI
13394,Warwick ,MD
13396,Wasco ,IL
13598,West Barnstable ,MA
13601,West Berlin ,NJ
13603,West Bloomfield ,MI
13605,West Boothbay Harbor ,ME
13606,West Boxford ,MA
13618,West Chesterfield ,NH
13625,West Coxsackie ,NY
13626,West Creek ,NJ
13632,West End ,NC
13633,West Enfield ,ME
13634,West Falls ,NY
13639,West Friendship ,MD
13640,West Granby ,CT
13644,West Harrison ,NY
13646,West Hartland ,CT
13647,West Harwich ,MA
13648,West Hatfield ,MA
13652,West Henrietta ,NY
13653,West Hickory ,PA
13654,West Hills ,CA
13657,West Hyannisport ,MA
13662,West Kingston ,RI
13665,West Lebanon ,NH
13672,West Medford ,MA
13684,West Newton ,MA
13687,West Olive ,MI
13688,West Oneonta ,NY
13690,West Paducah ,KY
13696,West Point ,PA
13699,West Poland ,ME
13702,West River ,MD
13703,West Roxbury ,MA
13708,West Salisbury ,PA
13712,West Springfield ,MA
13713,West Springfield ,PA
13715,West Suffield ,CT
13719,West Townsend ,MA
13728,West Warren ,MA
13741,Westernville ,NY
13745,Westfield ,NC
13747,Westfield ,WI
13758,Westland ,PA
13767,Westmoreland City ,PA
13770,Weston ,MI
13779,Westpoint ,IN
13783,Westport ,SD
13784,Westport ,TN
13786,Westtown ,NY
13794,Wever ,IA
13796,Wexford ,PA
13799,Weymouth ,MA
13805,Wheatland ,OK
13814,Wheelwright ,MA
13815,Whippany ,NJ
13818,White ,PA
13822,White Cottage ,OH
13825,White Hall ,MD
13826,White Heath ,IL
13827,White Horse Beach ,MA
13829,White Lake ,MI
13830,White Lake ,NY
13835,White Plains ,MD
13837,White Post ,VA
13845,Whitehouse ,NJ
13848,Whitehouse Station ,NJ
13851,Whites Creek ,TN
13856,Whitestone ,NY
13859,Whitewater ,CO
13869,Whitney ,PA
13872,Whittaker ,MI
13877,Wickatunk ,NJ
13881,Widen ,WV
13882,Widnoon ,PA
13889,Wildersville ,TN
13890,Wilderville ,OR
13893,Wildwood ,PA
13894,Wildwood ,GA
13896,Wilkes Barre ,PA
13899,Willard ,NC
13906,Williamsburg ,MI
13908,Williamsburg ,IN
13935,Willis ,MI
13943,Williston ,NC
13949,Willow Spring ,NC
13954,Willseyville ,NY
13955,Willshire ,IN
13956,Wilmer ,AL
13960,Wilmington ,CA
13976,Wilsons Mills ,NC
13987,Winburne ,PA
14000,Windfall ,IN
14013,Windsor ,NJ
14015,Windsor ,OH
14016,Windsor ,PA
14018,Windsor ,WI
14021,Windsor Mill ,MD
14030,Wingdale ,NY
14031,Wingina ,VA
14034,Winn ,MI
14035,Winnabow ,NC
14041,Winnetka ,CA
14045,Winona ,OH
14046,Winona Lake ,IN
14054,Winston ,GA
14055,Winston Salem ,NC
14067,Winthrop ,MA
14073,Wirtz ,VA
14077,Wise ,NC
14088,Wolf Creek ,OR
14090,Wolsey ,SD
14096,Wood Ridge ,NJ
14099,Wood River Junction ,RI
14101,Woodbine ,MD
14104,Woodbourne ,NY
14116,Woodbury ,PA
14120,Woodford ,VA
14125,Woodland ,PA
14127,Woodland Hills ,CA
14128,Woodland Park ,CO
14130,Woodlawn ,TN
14131,Woodlawn ,VA
14132,Woodleaf ,NC
14137,Woodruff ,AZ
14144,Woodside ,NY
14149,Woodstock ,MD
3707,East McKeesport ,PA
4510,Fort McCoy ,FL
7950,McAdenville ,NC
7951,McAfee ,NJ
7952,McAlisterville ,PA
7953,McArthur ,OH
7954,McBain ,MI
7955,McCalla ,AL
7956,McCallsburg ,IA
7957,McCaskill ,AR
7958,McCausland ,IA
7959,McClelland ,IA
7960,McClellandtown ,PA
7961,McClure ,OH
7962,McClure ,PA
7963,McComb ,OH
7964,McConnellsburg ,PA
7965,McConnellstown ,PA
7966,McCook ,NE
7967,McCool Junction ,NE
7968,McCordsville ,IN
7969,McCormick ,SC
7970,McCutchenville ,OH
7971,McDavid ,FL
7972,McDermott ,OH
7973,McDonald ,OH
7974,McDonald ,PA
7975,McDonald ,TN
7976,McElhattan ,PA
7977,McEwensville ,PA
7978,McFarland ,WI
7979,McGaheysville ,VA
7980,McGee ,MO
7981,McGrann ,PA
7982,McGraw ,NY
7983,McGregor ,IA
7984,McGregor ,TX
7985,McGuffey ,OH
7986,McHenry ,MD
7987,McKean ,PA
7988,McKees Rocks ,PA
7989,McKenzie ,TN
7990,McKnightstown ,PA
7991,McLean ,IL
7992,McLean ,VA
7993,McLeansville ,NC
7994,McLeod ,MT
7995,McNabb ,IL
7996,McQueeney ,TX
7997,McSherrystown ,PA
7998,McVeytown ,PA
7999,McAlester ,OK
8000,McCammon ,ID
8001,McComb ,MS
8002,McConnelsville ,OH
8003,McCutcheon Field ,NC
8004,McDonough ,GA
8005,McGregor ,MN
8006,Mchenry ,IL
8007,McKeesport ,PA
8008,McKinney ,TX
8009,McLoud ,OK
8010,McMechen ,WV
8011,McMinnville ,OR
8012,McPherson ,KS
830,Bay St. Louis ,MS
3734,East St. Louis ,IL
4975,Glen St. Mary ,FL
7768,Marine on St. Croix ,MN
10403,Port St. Lucie ,FL
11245,St. Albans ,ME
11246,St. Albans ,MO
11247,St. Albans ,NY
11248,St. Albans ,VT
11249,St. Albans ,WV
11250,St. Albans Bay ,VT
11251,St. Amant ,LA
11252,St. Anne ,IL
11253,St. Anthony ,IA
11254,St. Anthony ,ID
11255,St. Anthony ,IN
11256,St. Augustine ,FL
11257,St. Augustine ,IL
11258,St. Benedict ,PA
11259,St. Bonifacius ,MN
11260,St. Charles ,IA
11261,St. Charles ,IL
11262,St. Charles ,MI
11263,St. Charles ,MN
11264,St. Charles ,MO
11265,St. Clair ,MI
11266,St. Clair ,MN
11267,St. Clair ,MO
11268,St. Clair Shores ,MI
11269,St. Clairsville ,OH
11270,St. Cloud ,FL
11271,St. Cloud ,MN
11272,St. Cloud ,WI
11273,St. David ,IL
11274,St. Francis ,MN
11275,St. Francis ,SD
11276,St. Francis ,WI
11277,St. George ,KS
11278,St. Georges ,DE
11279,St. Hedwig ,TX
11280,St. Helen ,MI
11281,St. Helena Island ,SC
11282,St. Henry ,OH
11283,St. Ignace ,MI
11284,St. Ignatius ,MT
11285,St. Inigoes ,MD
11286,St. Jacob ,IL
11287,St. James ,MN
11288,St. James ,NY
11289,St. James City ,FL
11290,St. Joe ,IN
11291,St. John ,IN
11292,St. Johns ,AZ
11293,St. Johns ,FL
11294,St. Johns ,MI
11295,St. Johnsville ,NY
11296,St. Joseph ,IL
11297,St. Joseph ,MN
11298,St. Joseph ,MO
11299,St. Joseph ,MI
11300,St. Landry ,LA
11301,St. Leonard ,MD
11302,St. Libory ,IL
11303,St. Louis ,MI
11304,St. Louis ,MO
11305,St. Louisville ,OH
11306,St. Marks ,FL
11307,St. Martinville ,LA
11308,St. Marys ,IA
11309,St. Marys ,KS
11310,St. Marys ,OH
11311,St. Marys ,PA
11312,St. Marys ,WV
11313,St. Marys ,GA
11314,St. Marys City ,MD
11315,St. Matthews ,SC
11316,St. Meinrad ,IN
11317,St. Michael ,MN
11318,St. Michael ,PA
11319,St. Michaels ,MD
11320,St. Onge ,SD
11321,St. Paris ,OH
11322,St. Paul ,IN
11323,St. Paul ,MN
11324,St. Paul Park ,MN
11325,St. Pauls ,NC
11326,St. Peter ,MN
11327,St. Peters ,MO
11328,St. Petersburg ,FL
11329,St. Petersburg ,PA
11330,St. Regis ,MT
11331,St. Simons Island ,GA
11332,St. Thomas ,MO
11333,St. Thomas ,PA
11490,Sault St.e Marie ,MI
12068,South St. Paul ,MN
